infectious and parasitic disease,0.8749266300053988,1.3314269732585793,0.5,0.7016768560336062,0.9711906797278906,0.8372313176318077,0.25,0.25,1.1558468324604345,2.0207713800552622,1.2825444221615676,1.2825444221615676,1.2825444221615676,1.2825444221615676,1.2825444221615676,1.2825444221615676,1.2825444221615676,1.2825444221615676,1.2825444221615676,1.2825444221615676,1.2825444221615676,1.2825444221615676,0.7879415883770869,0.7879415883770869,0.7879415883770869,1.0959828683705268,1.2738535497536247,1.2738535497536247,0.4836282735067685,0.4836282735067685,2.1166218620773503,1.4611363008821552,0.9906395596759936,0.9058024285869117,0.9058024285869117,0.9058024285869117,2.116314172582173,2.116314172582173,2.116314172582173,1.1544783907864855,1.756059048127432,1.0629686451402267,1.8757153662091322,0.8155245552774901,0.9164116042314278,1.2634007796767053,0.8453424822917472,0.4191333261272027,0.4191333261272027,0.4191333261272027,1.4732867536756153,0.7028790822460811,0.9025755673547903,0.6579487150854554,1.4910100480032142,0.8800919328681289,1.4093076857861857,1.4093076857861857,1.400456116733067,0.3772038236657168,1.4428699273083645,1.120891816205551,0.22424382421757544,0.38614168787966807,1.0158220279809616,1.0158220279809616,0.7827177617604196,1.1484786936596885,0.9181820155814965,0.8222863049098614,0.9596604126928473,0.7771931828522564,0.7183357564873984,1.374334475749768,1.374334475749768,1.374334475749768,1.374334475749768,1.374334475749768,0.693575087593639,1.695373994685035,0.4441242667131223,0.453200947463967,0.453200947463967,0.453200947463967,0.453200947463967,0.453200947463967,0.453200947463967,0.48298420798068287,0.48298420798068287,0.25,0.3816114331327297,0.27894294565112987,0.4008613302839259,0.6503044843270951,0.6910997365789546,0.6380769457354969,0.8879675496274358,0.8879675496274358,0.8879675496274358,0.8879675496274358,0.8879675496274358,0.8879675496274358,0.5288772928860194,0.5772719165655259,0.9057347692239045,1.5991729255710212,1.5991729255710212,1.5991729255710212,1.5991729255710212,1.5991729255710212,1.5991729255710212,1.5991729255710212,1.731378213159759,1.731378213159759,1.731378213159759,1.731378213159759,1.731378213159759,1.731378213159759,1.731378213159759,1.731378213159759,1.731378213159759,1.731378213159759,0.9299879327172234,0.9382580557768637,0.8177896027329891,0.6315033493527676,1.095372816687504,0.7035559593926625,1.5836342992396064,0.18665241123894338,0.387113044659596,0.6951619852669599,1.258110279642433,0.21533827903669653,0.21533827903669653,1.627944019258185,0.7839214783852612,0.9015759239105037,0.8767920145693429,1.2460003377650368,0.8362666425928865,0.5031867698687054,0.5834144394673643,0.5834144394673643,0.5834144394673643,0.5834144394673643,1.63622030772817,0.6150146914170758,1.1119532998959056,1.0603890719542755,0.959064123355839,0.2559580248098155,0.6795908239136006,0.6795908239136006,1.5603140503398718,0.6506478782624707,0.633924709544023,0.5689532406613853,0.6982398631705605,1.631642300875281,1.631642300875281,0.3905514124267734,0.3905514124267734,1.3952372834885218,1.5405475036252807,0.8575881199913312,0.7087350711111307,0.854315801825025,0.854315801825025,0.854315801825025,0.854315801825025,1.5901409208414736,0,0,0,1.2831050463287295,1.2831050463287295,1.2831050463287295,1.2831050463287295,1.2831050463287295,1.9639062193501813,0.4827379927416361,0.4827379927416361,0.4827379927416361,1.320110446982285,1.731127552635074,0.9472914889914159,0.7038869309645185,1.038944351247967,1.038944351247967,0.9170837196074683,1.1430776654232018,0.7008422847271676,1.8450487796184105,0.2,1.226246164795311,0.41274605355336313,0.41274605355336313,0.6103854710140011,0.7009147125007128,0.5018108798712511,1.4830061454534862,1.8802854726240612,0.8871268019076386,0.8871268019076386,0.8871268019076386,0.8871268019076386,0.7046368997239484,0.20184908658209985,0.18920035951687003,0.729449321697336,1.445659299028566,1.445659299028566,1.0784142989102876,1.1068920331357248,1.1068920331357248,1.1068920331357248,0.4667997866601423,0.4667997866601423,0.4667997866601423,0.4667997866601423,0.4667997866601423,0.6476241616885219,1.4666366206453416,1.4666366206453416,1.4666366206453416,1.4666366206453416,1.4666366206453416,1.4666366206453416,1.4666366206453416,1.4666366206453416,1.4666366206453416,1.4666366206453416,1.4666366206453416,1.4666366206453416,1.4666366206453416,1.4666366206453416,1.4666366206453416,1.695624521608857,1.1639178439074527,1.1639178439074527,1.2780392191828458,1.2780392191828458,1.2780392191828458,1.4307210108800603,0.645706214297121,1.0,1.0,1.312364390467529,0.7344725666862093,0.6176564772274502,0.6176564772274502,0.6176564772274502,0.6176564772274502,0.8698559523743654,0.3811590795234302,0.3811590795234302,0.3811590795234302,0.3811590795234302,0.3811590795234302,0.3811590795234302,0.3811590795234302,0.3811590795234302,0.3811590795234302,0.3811590795234302,0.3811590795234302,1.4898124665681314,1.4898124665681314,1.4898124665681314,1.2229382091666208,0.8281085530616143,1.0967356299663724,1.7717296051126372,1.260296243170438,0.4008613302839259,1.2700668507063075,1.3246171364298551,1.3246171364298551,0.27023815442731974,0.27023815442731974,0.27023815442731974,0.27023815442731974,0.27023815442731974,0.27023815442731974,0.27023815442731974,0.27023815442731974,0.8928734325072729,0.8928734325072729,0.4578071113919153,0.4578071113919153,0.8949590218937863,1.298412468836542,0.1905514124267734,1.12871760462429,1.352199360686614,1.641629174032838,0.8250230175906726,0.4942812246878264,0.5956950414809834,0.836776586031892,1.0871003189084227,1.0871003189084227,1.0871003189084227,1.0871003189084227,0.601143544313718,1.121178298979374,1.5912319560842656,1.5912319560842656,0.6121652119178377,1.4702956835555832,0.5100506209954512,1.0643723245936856,1.0643723245936856,1.0643723245936856,1.0643723245936856,0.7430599943425638,0.456473642824142,0.6836823381617652,0.6836823381617652,0.6836823381617652,0.9218993390760378,0.6981637474703959,0.6981637474703959,0.6981637474703959,0.6981637474703959,0.6981637474703959,0.6981637474703959,1.6105047909944048,1.486623321916215,0.21810429198553155,1.4508553196533516,1.3997387075193817,0.24465054211822604,0.3010299956639812
neoplasms,0.3010299956639812,0.427670248696953,0.2,0.4959890175577675,0.7288772928860194,0.39951027737402256,1.1850746208642302,0.47767024869695296,0.8519944830289613,0.20184908658209985,0,0.31546487678572877,0.5261961792371352,0.5261961792371352,1.14527201342591,1.14527201342591,1.14527201342591,0.20184908658209985,0.27023815442731974,0,0,0.5267597369506041,0.4144911330747746,0.7023176840202704,0.19195872000656014,0.6121652119178377,1.6499710991735568,1.6499710991735568,1.6499710991735568,1.6499710991735568,1.6499710991735568,0.18920035951687003,0.43477148846191777,0.2559580248098155,1.0137906001743515,1.0137906001743515,0.47023815442731975,0.3879018247091076,0.18665241123894338,0.23540891336663824,0.20801459767650948,0.20584683246043448,0,0,0.40564413367260604,0.6866345828832086,0.20584683246043448,0.8389443512479671,1.8763953892971839,0.6000608291483599,0.6344716051638992,0.22424382421757544,0.8809297535714575,0,0,0,0,0,0,0,1.3915206541266087,1.3915206541266087,0.38685280723454163,0.41687060821382305,0.2037950470905062,0.2037950470905062,1.060199507960483,0.8824033663451574,0,1.0616063116448506,0.25,0.4325523668273336,0.8586691887133472,0.2,0.42395112444596605,0.7892612719277987,0.6704890246415245,0.39380780658866,0.427670248696953,0.27023815442731974,0.31546487678572877,0.518607559847009,0.21533827903669653,0.22424382421757544,0.8549084390031687,0.6934304946728544,0.6934304946728544,0.6934304946728544,0.2890648263178879,0.23137821315975915,0.21274605355336312,1.2,1.2,1.2,1.2,0.43939281083626863,0.43197054559946085,0.6266652738026731,0.22424382421757544,0.3797517719436434,0.3797517719436434,0.584892274409504,1.0177825608059992,0.8814879806583735,0.2103099178571525,0.2103099178571525,0.2103099178571525,0.2103099178571525,0.7023176840202704,0.8389443512479671,0.6620547712331522,0.46810429198553155,0.5,0.4192028461113617,0,0.4509170467036018
endocrine  nutritional and metabolic diseases  and immunity disorders,0.7877141375184675,0.40771714069644716,0.38132822832637836,1.6309297535714575,0.6586235799383768,0.5692791743730843,0.27894294565112987,1.0262052437708282,1.0262052437708282,0.85860715321489,0.4196289687035131,0.4196289687035131,0.25,0.4317711865746916,0.4317711865746916,1.3366834004732902,1.0168638569797939,1.0351752722280692,1.4000889497526603,1.9837705743400156,0.5811007097734544,0.520443039477647,0.46559535689007325,0.46559535689007325,0.46559535689007325,0.8038073231985801,0.5328876894645134,0.5328876894645134,0.5328876894645134,1.091662474797317,0.2890648263178879,0.2890648263178879,0.671672063893751,0.7830925745148406,0.48733623796957465,0.48733623796957465,0.48020184902739094,1.0814749413654483,1.8383341326466054,0.43351708115738746,0.7817789225420656,2.11981160521934,2.7843301483836873,0.18790182470910757,0.18790182470910757,0.8340018549202532,0.6127453220386186,1.050674149388035,0,0.5033667014948363,0.8333582211815543,0.81422044060774,0.23981246656813146,0.9160927314687337,1.0719525157824012,0.580998870756223,0.580998870756223,0.8586000022684105,1.050873790152367,0.46449862161929345,0.46405629078570687,1.1464054831392652,0.8478961863125152,1.066236784249377,0.86952012238891,0.5712681500913009,1.1845452702808592,0.1965616322328226,1.36177532753335,0.7832746413966115,1.0290358201316607,0.7342107769136448,1.2650891349821138,0.44289040528878654,0,1.9713388099675584,1.9713388099675584,1.351665282577438,0.9192105212199955,0.26264953503719357,1.4043878189417127,0.5021172880246721,0.9525661952301283,1.3583535407591705,0.9608045019571949,1.08300816610553,0.9997192829955237,0.22424382421757544,0.22424382421757544,0.22424382421757544,1.3365201032020386,0.4940277481969527,0.4568905656662631,1.4868837451814152,0.9312328517016378,0.5408424622321126,0.44844558920873223,0.7642862062526576,0.8799298727886034,0.8799298727886034,0.8799298727886034,0.5415924806883234,0.18790182470910757,0.39480149540338316,0.4185928860137976,1.1535338312277832,1.2951996140048878,0.442348116203107,0.38685280723454163,0.49805844840383184,1.2059675903214582,1.1969204337436121,0.45191407291452845,0.466267942666968,0.8452473340793458,1.3773658527659403,1.6865660151835873,0.737991407507842,0.6904736412539323,1.2316871297580596,1.826499003369824,0.7647668230618657,0.6657957528856715,0.8258887754652439,1.6204030691709959,0.6898706806721087,0.9509479026928873,1.3478343927326344,1.0921294076390555,1.6270708461521428,0.8506891657529174,0.9471452699099544,1.7490578891886084,1.0949023760577825,0.7079641204851066,0.6467164921964557,0.9155720734060605,0.47602875527798516,0.23137821315975915,0.9630791620635912,0.6759176335524295,0.6905514124267734,0.4008613302839259,0.8965742445812165,0.8965742445812165,0.799777915461033,0.7201861405678749,0.7201861405678749,0.7201861405678749,0.21533827903669653,1.3712279705001664,1.3712279705001664,0.9614596410163436,0.9614596410163436,1.2132127874426117,1.1114065312280323,1.6622769038085523,0.38251013243333354,0.9782527521038293,0.9644203057399982,0.9396216265753864,0.9396216265753864,0.8234620693593278,0.46307916206359123,0.19823986317056053,0,0.7282788156249945,0.9949354918157549,1.5900948219818691,0.5496335907252929,1.4210805311261498,0,1.1805633442967505,1.1743867408934086,1.2872094865578703,0.7049604599753785,1.7216171931452215,0,0.7311388858003279,0.7505206989521297,0.9236059514659463,1.194974067257092,0.2559580248098155,1.1748162145850796,1.2153382790366964,1.2153382790366964,0.6272371866281377,1.408435995156128,1.408435995156128,1.8549495010716996,0.9890101622180867,0.38685280723454163,1.1123806960123621
diseases of the blood and blood-forming organs,1.5860674671767183,0.41762636169032635,0.4890648263178879,0.19195872000656014,0,0.7067738017503158,1.2009223876093464,0.39240049900887325,1.7959828683705268,1.2190953250830259,0.5,0.24465054211822604,1.5,0.2037950470905062,1.0542404916472035,0.2103099178571525,0.1965616322328226,0,0.4192800378688667,0.5,0.1965616322328226,0.27023815442731974,0.6952019018645271,1.5506702502705125,0,1.3868528072345416,0.20184908658209985,0.5234794744622382,0.5234794744622382,0.19195872000656014,0.6372214797750907,0,0.759180806678318,0.7057866988884561,1.5926996396949762,0,0.6495023422717352,1.5112350164549948,0.27894294565112987,0,0.18920035951687003,0.227670248696953,0,0,0,0,0,0,0,0.7387756148614746,0,0.1949590218937863,0.1949590218937863,0,0.2103099178571525,0,0.7422998874999446,0.49937474417504035,0.2,0.6309297535714575,0,0,0,0.7889935666465812,0,0.27894294565112987,1.0428595983469655,0.19823986317056053,0.7127460535533632,0.3562071871080222,1.2544468138667384,0.5654648767857288,0,0.4464996287003259,0.7023176840202704,0.227670248696953,2.0132981487698833,1.0872824611456793,0.5046652363025987,0.18665241123894338,0.5868528072345416
mental disorders,0.6185783827825007,0.6309297535714575,0.7307928402051935,0.6059449386177099,0.7954111475651666,1.0889623986092594,0.852390065209759,0.852390065209759,0.852390065209759,0.852390065209759,0.852390065209759,0.6836723160870545,0.2103099178571525,0.4196289687035131,0.7841689551489075,0.8971211402010929,0.7399818730214897,0.9949771614330662,1.0,0.4288353169839091,0.39466700891545287,0.39466700891545287,0.39466700891545287,1.4052689397509388,0.7242438242175755,1.6581369821017935,0.7365515025821098,0.7262898719380815,0.39169687179961377,0.4524429426172629,0.39823986317056054,0,0.6959890175577675,0.26264953503719357,0.3897509112912074,1.254020868640664,0.23981246656813146,0.23540891336663824,0.23540891336663824,0.23540891336663824,0.23540891336663824,0.4438598495189231,1.1285704286631235,1.1285704286631235,0.4037363214744233,0.1949590218937863,0.8689161226211781,0.6475349634773461,0.8309770739476638,0.8772342940540145,0.43920035951687003,0.7768513487754026,0.423352876713206,0.5,0.5,1.1919587200065602,0.5337153684361139,1.126670656419261,0.3010299956639812,1.4398124665681313,0.5090445933404907,0.7252738198815567,0.7252738198815567,0.27023815442731974,0.38685280723454163,0.38685280723454163,0.38685280723454163,0.38685280723454163,0.3857619917496926,1.086776586031892,0.5799729413151111,0.3333333333333333,0.5510299956639813,0.4890648263178879,0.6145230559314946,0,0,0.6940103545485075,0.6940103545485075,1.320470274012813,0.7571691183034195,0.18790182470910757,0.6253229008886911,2.0701784654175555,0.3010299956639812,0.3010299956639812,0.3010299956639812,0.5328876894645134,0.7619645054860547,1.416344155156092,1.416344155156092,1.416344155156092,0.8212681500913009,0.8212681500913009,0.8212681500913009,0.8212681500913009,0.4008058543542208,0.5600022341985283,0.5600022341985283,0.9306553234887806,0.4594385139441898,0.4594385139441898,1.509488085314495,0.720773556020764,0.6319488996647249,0.46748271526508445,0.18665241123894338,0.18665241123894338,0.4322584218940849,0.24465054211822604,0.18920035951687003,1.4379018247091075,1.3212395947182496,0.9067053133513783,1.2300002908613343,0.23540891336663824,0.9207783880090158,0.9207783880090158,0.8982157687023914,1.0117509861780023,0.4507471924033348,0.4507471924033348,0.4507471924033348,0.577404219661315,0.8010299956639813,0.8010299956639813,1.1919587200065602,0.8255154977811799,0.4130234494640639,0.7867611806322409,0.6289485977774987,0.8078803817391098,1.414180805693207,0.19823986317056053,0.38685280723454163,0.6557485887478794,0.6622769038085524,0.46366455804459056,0.46366455804459056,0.46366455804459056,0.6256074965437589,0,0.4147952366443488,0.43067655807339306,0.6410530470392443,1.923981187658381,0.5234794744622382,0.23981246656813146,0.6068589331633054,0.6068589331633054,0.6068589331633054,0.8983622475958445,1.0835414756348536,1.0835414756348536,1.0835414756348536,1.0835414756348536,0,0,0.6714421893505077,1.0847248006619636,1.1325955395458138,0,0,0,1.814736743829003
diseases of the nervous system and sense organs,2.1223288738672057,2.443276710511441,2.487987597759966,1.3535993025484632,2.0838408030946325,1.4069845926066542,1.551012620456395,1.4930224859102414,2.138715307515983,1.6272553939020153,2.1708576322563005,2.1151115565074714,2.958568768892425,2.1071150644790912,0.7909418902643132,1.6962543825694796,2.9348814065192914,0.8703001304499965,3.911653286962317,2.5535369185523726,2.5535369185523726,1.4280191301468064,2.8126378235475866,1.8145849948762542,1.3431118869008625,2.4290252269054933,1.3847473337436476,3.855472328142593,1.974256203630141,1.6187290517587944,1.191019728573137,1.8142479785344878,1.9827654022175016,1.687426554117522,1.7625197578251368,1.2024695067574884,1.9081962479352212,3.337403412138838,1.7796181736912726,1.4429693041527618,2.494021988713139,2.1425150167205738,2.1425150167205738,2.2556107504758742,1.85383886710939,3.06013891333117,0.9748539874599422,1.2932105933023585,1.796900046261732,3.1679288949332416,2.1495292159266515,1.0897234280278827,3.3177673020914873,1.1646268509047832,3.174449515853627,2.861795790082962,1.8963459907156275,2.954114482507256,3.1977557735320024,2.905707374119329,2.905707374119329,3.497227684572155,2.1610450539191257,2.679520775781123,2.3024335823598405,3.343982657249396,1.9696143167301827,1.5817142613498916,2.41145505636747,1.1593527250702231,2.639833929456479,2.974140568415833,2.1516607673133077,2.6625832050411633,2.0129032516288032,1.2903407924231671,2.7765230980301587,3.7782136290862574,2.3139396858558983,3.41497246825777,2.9893093945808515,2.9893093945808515,2.9893093945808515,1.040702284968494,2.653060537106671,1.8613321625794637,1.2308529166123068,1.1353956571192247,2.8215328637784203,1.9091737468147458,2.601279443222894,2.8020026102965248,2.569992894640995,2.645557370102276,2.960151929647597,1.5297627717245565,2.241085464513915,2.241085464513915,2.945738089274725,4.099838111253993,2.3956149281021966,2.829701560153871,1.843065435761151,1.843065435761151,2.6776953528097085,2.3930766362337574,1.777098316125131,1.0272209300094859,2.4192016906677063,2.0638187145817883,2.3832777279398027,1.8391535710131148,2.011407043182593,1.4258929631692174,2.374342211188306,1.964891960905097,2.615279085447077,1.4843958416086314,3.1919352706225697,2.3845265416161823,0.9539057761114306,2.117762549513851,1.346166830611587,1.5023781227191844,1.1622496482217264,2.5463726355529643,2.9358001584833473,2.895719414121356,0.8690607576865075,0.9048293046620723,1.9405804617347213,1.9405804617347213,1.9405804617347213,1.3220735471848981,1.9452408396393994,3.51664342450197,4.359536786131376,2.7030702950721164,2.7030702950721164,2.934912204994007,2.4063866762626716,2.999076158477508,2.7965423299257295,2.710658643402619,1.6264358256589766,1.8169546930817815,1.5735254570674888,1.7789165306849526,3.447734836698231,2.3721990041668377,4.676405658202892,4.676405658202892,3.278089531947678,2.5621688598325676,1.7334230423075894,0.7978319549526267,2.0550877691962937,3.1342113470466844,1.7601970851572466,2.1488675011933744,2.9040470266056557,0.9482584820310171,1.922091791121247,1.8275033923969102,1.5369235463202036,1.724499328636335,2.7580215934833667,1.8423740999289813,2.237518561321578,3.133588440854809,1.8112707266297532,1.8151873254377657,2.030299145440467,1.602958974138741,1.602958974138741,1.9182980570212458,2.448252865635844,1.5153730792996434,2.5797318460458314,3.2565490622164597,3.059760835994471,2.335716340983899,1.922302261928718,1.1177897196860072,1.1177897196860072,1.1177897196860072,1.5378756988806386,3.6892253026122153,0.993474615838961,2.137501295111442,3.1577858557594896,1.147573684497119,1.9076436386368467,1.9627522911434878,2.336455521302125,1.3550829816995282,1.6642971578174899,1.2723176415203858,1.809467310387886,3.795108892741789,2.277660571443862,1.0872057305188563,1.3360292471348953,2.2125365867494895,4.099079973201364,2.118398448934339,2.118398448934339,3.8199374150877596,1.7909731341569235,0.8046296371798454,2.574789325657072,2.9984857442524286,2.3369833745039528,2.527330387472764,2.622315232681215,1.493918060008602,1.3588171020200572,3.4741533357469847,1.6556720359779211,1.9140171992941912,1.1852944639963376,1.8406287809673039,2.0762461466676276,2.0765160892858696,1.6798951603732988,2.2558352637568646,2.4800166840189446,2.4800166840189446,0.804627588306227,1.2483262314397983,2.742521445371294,0.8202992622624151,1.3692136359536875,0.9634212248573288,1.4943530262154356,2.95438438851006,3.050207014831368,2.719303342895408,2.0899915719327344,3.839765427288631,2.2228931182917666,1.6126512633971313,0,0,2.0773688224568616,2.0506742544875154,3.0162466510437937,1.8323374304441393,2.9921707718795365,2.9921707718795365,1.702105397735258,2.5160256488692756,3.3750381876957785,2.8924779113328505,1.1458691905209344,2.3636656367360978,2.9865133843527154,2.723032676965821,0.9817656961640354,2.539247779878902,2.539247779878902,2.0617797865357543,2.297198403555062,2.297198403555062,2.277138850331399,2.1491423974126076,4.378990565698926,1.7618993809806212,3.3286771921384326,2.5144479452662254,2.5144479452662254,3.50153489861266,1.209079074819372,1.3813697570261683,1.1894751059672029,2.017603285030207,3.0447676223884867,2.3678172886441673,2.5703183162720578,3.1072869109410415,3.1072869109410415,3.4071917437128834,2.1830728833407838,1.302879207534722,2.520454876631869,3.2213847625928667,4.02501368882341,3.8619349965355054,0.827361081530286,1.561163899765817,1.8735399746038621,0.9789004769937621,2.6664469435668083,2.6950420845658103,1.391648580127966,3.4913085837220303,1.9793540492219635,2.7167731227709937,2.0254621813516653,2.353744742488446,0.6485660101032829,3.3397877731379184,1.2617571666843501,2.4982943033749105,2.374671999088164,2.1582422835768775,3.169676484725048,2.207848359754372,1.9255585006620453,1.7427379537144798,1.903950540566461,2.7088858489109215,1.5378173614823383,2.2420107803903506,1.6402959497309004,3.8822611534290807,2.443845406822595,1.0202899195402162,2.933368503915357,2.933368503915357,2.852323571413272,2.3944292547277364,3.2664080425919777,2.723250884516863,2.0697478194618237,2.558831720408251,0.8784140133813779,2.5442000751240745,2.754971278351646,2.754971278351646,2.7310744107022926,1.8507580443321752,2.6914786547008056,1.6705105196830639,2.435297242671497,3.687044747510433,2.8197774736177004,1.9919704466485837,1.8423411193005212,1.448524053545197,3.6657703288735575,1.9286214142685312,1.9122129463825628,2.25164534400129,2.5467522706118464,3.3363950291523685,2.5690533846648718,2.1767486733561667,2.1767486733561667,1.5839933681211138,2.5628414164724123,1.6776970146354222,3.7680775597757927,2.1041076220132844,2.818709022536921,2.6531370105330776,1.746984398414246,1.4404021017329933,2.264865497209966,2.582940229628225,1.7704409023426104,2.9368332336589518,2.0013517295772596,1.4532009474639669,3.97531705312445,1.0663729504855581,2.519669419220659,2.188773203290033,2.61504201709306,1.1864934801676181,2.9639181996457227,2.928407308228172,1.6682968934549445,2.764226758102806,2.667263187180877,2.5806411141730807,1.6394589129894295,1.4282268936150617,0.2103099178571525,2.2833204757214105,2.967639548650102,2.2916170135153386,1.4878089264633285,2.5935207285031203,3.1224184377311537,1.961812527308986,3.659684735398814,1.6247995112361704,1.6968378156291903,3.0158862340159063,1.779638513663659,1.779638513663659,0.9876824069029246,2.2991382647240215,1.8836119959825057,1.7319698920169797,1.8996241074468794,2.8090203776260196,2.7843432229136567,1.36315772509297,2.4284136574766535,3.2894430468253266,3.9311601354144923,2.4589225964187555,1.1803550862975396,3.3318509211277845,3.1376168344964976,1.820586214319115,2.8845644594061737,1.8759947197807512,0.6322464786062851,2.476079767439792,2.0296709787768195,3.3922087636087292,3.1629299729567335,1.4922409157553413,1.5914255963975026,1.8854529505032995,1.9361716670065099,1.9489385582575147,3.864285558084508,3.017638398911631,3.017638398911631,1.4994091275424914,2.284802631782163,2.209556634360808,1.077317245884146,2.571976536030257,2.000769560943539,3.022747863738432,1.2641611334332932,1.5969661404514093,1.5168303709069502,2.090961856516371
diseases of the circulatory system,1.8200266966623366,0.4006478782624707,1.1283617285007606,0.8273511131612938,1.7350846632042396,1.4353572286346492,1.2136328086888928,1.364761900376125,1.4287495276178113,1.4287495276178113,0.4000889497526604,0.4000889497526604,0.4000889497526604,2.0847353777730686,2.0847353777730686,2.0847353777730686,2.0847353777730686,2.027404219661315,2.027404219661315,2.027404219661315,1.1177467437299535,1.0790988571493616,0.6501223844252839,0.6501223844252839,0.6501223844252839,1.0973743356991572,0.844401662623823,0.4219296255865326,0.7879984196824964,1.2560916853111221,1.912319110601579,1.3182905782652983,2.0584158871348026,1.6418997872745424,0.7626495350371936,0.7626495350371936,1.0904760529574058,0.9581209573258427,0.22106472945750374,1.265543715542972,1.583900622592405,1.583900622592405,1.0427393983384732,1.0427393983384732,1.0427393983384732,1.5495727133267014,1.5495727133267014,0.5137760492173443,0.9020453126811658,0.9020453126811658,0.9020453126811658,1.4969230298524958,0.8451631719047734,0.8405247301098431,1.153079979219629,1.0339033731417533,0.6309297535714575,0.23540891336663824,0.21533827903669653,0.21533827903669653,0.21533827903669653,1.4144911330747745,0.4037363214744233,2.0673692207306575,1.2217193739470869,1.6283536232357647,1.6283536232357647,1.174062316795347,1.174062316795347,1.174062316795347,2.0638285980126625,0,0,0.8381583760878207,0.8381583760878207,0.8381583760878207,0.7035522185346381,0.7035522185346381,1.3181557605917111,1.2,1.2,1.5684831397692665,0.5315731965038939,0.5315731965038939,1.384170138009919,1.384170138009919,1.246075692016894,1.246075692016894,1.246075692016894,1.246075692016894,1.246075692016894,1.246075692016894,1.0332476373251036,0.6707434529179014,0.6707434529179014,0.8142217847845317,1.4564736428241418,1.6228098343208583,1.4902448633986007,0.3915206541266089,1.4234742541748069,1.3109413660704061,0.796716491493151,0.704197887980376,0.704197887980376,0,2.047202776428251,1.8806612167970864,1.296716491493151,0.26264953503719357,2.034776256849441,0.9403378791578612,0.9403378791578612,0.48733623796957465,1.2512087468569157,1.1939181139216097,1.0929366809912933,0.9082286843254831,1.381325000137459,1.672633958986832,0.4313029533571694,0.3905514124267734,2.3987808500589245,2.286812561403047,0.8349558826800347,0.8349558826800347,0.8755802956896835,2.2592423977961786,1.2743523651982138,0.20184908658209985,1.1545304544349742,1.4636162439905454,0.618014993304302,1.6505667944932414,1.6505667944932414,1.0879137408453965,0.9242295594396961,0.9242295594396961,1.6064498530813347,2.198095518313173,2.198095518313173,2.198095518313173,2.198095518313173,0.635150132759152,0.635150132759152,0.635150132759152,0.635150132759152,0.635150132759152,0.635150132759152,0.7337893923193908,1.5343466124426235,1.1669026327643306,1.8069167944611397,1.2801789003451283,1.8141614622255546,0.6100630119920917,1.1990427496206675,1.378129872098721,1.378129872098721,0.927494873471056,0,1.6773054827162446,1.424485317959133,0.6226097378119725,0.6226097378119725,0.6226097378119725,0.6226097378119725,2.629132888256935,0.84123967142861,1.2559580248098154,1.2559580248098154,2.097514135379293,0.3857619917496926,0.3857619917496926,0.3857619917496926,0.722126647978205,1.0244708262696678,0.9964946867854823,0.7037950470905062,2.1831511993087473,0.5575771575509088,1.8956534856107896,1.5689303631483766,0.47208724100941957,0.9151457412500695,0.8189108331330284,0.8189108331330284,0.8189108331330284,1.2217175773863764,1.2217175773863764,1.070258661327665,1.070258661327665,0.9182216611237264,0.9182216611237264,0.9182216611237264,0.6511510328582368,0.6511510328582368,0.6511510328582368,1.4074138930578846,1.8996161959684217,1.5730150010993043,1.5730150010993043,1.5730150010993043,0.18665241123894338,1.0875608005083943,1.0875608005083943,0.41161614188427714,1.6859102329973346,0.5569880204737967,0.2559580248098155,0.7078071113919153,0.8845511951629541,1.2579945589586055,1.4335174336086254,1.3003632368350888,0.5819467558566536,0.5819467558566536,1.3130106527000218,1.2559580248098154,1.2089306234373034,1.2089306234373034,1.0801335156810452,1.18537680385004,0,0,1.1478122484324742,0.5167350750148408,0.5167350750148408,2.31504177186665,0.23981246656813146,1.4789731842707576,1.6831776039124982,1.6831776039124982,1.6831776039124982,0.6199145089460286,0.6199145089460286,0.6199145089460286,0.18665241123894338,2.4297654290411987,1.2398124665681314,1.2398124665681314,1.2398124665681314,1.2398124665681314,1.2398124665681314,1.2398124665681314,1.1474960161502732,0.876045222075212,0.6998562307576394,1.974641542100748,0.9819104825554321,1.4988562614191996,0.6589665541666113,2.4987905727005364,2.4987905727005364,2.4987905727005364,1.7258889295993818,0.884362142757168,0.884362142757168,0.884362142757168,0.884362142757168,0.884362142757168,0.884362142757168,0.9248202782761569,0.6343633289973145,0.9961344890642243,0.6618477162732854,1.3645258883285165,2.2463463290423737,2.01012404661009,1.7152938191479299,0,1.0,1.0,1.0,1.0,1.0,0.9685624385323092,0.6589316443801113,0.6589316443801113,0.6921688703162464,0.21274605355336312,0.19195872000656014,1.4241199629490007,1.0642187000148315,0.5855104343205597,0.4607895668540931,1.067583900340261,1.3033427543975755,1.3033427543975755,1.3033427543975755,0.22424382421757544,0.2559580248098155,0.2559580248098155,1.3875817866127735,0.6077171406964471,0.6077171406964471,0.6077171406964471,0.40184908658209983,0.6176582845470464,0.6176582845470464,0.47571723755683126,1.5727782168605793,0.7030206859396211,1.1408458774766417,0.629944223263042,0.7282527521038293,2.382184525815427
diseases of the respiratory system,0.6608771960256352,0.20801459767650948,0.20801459767650948,1.0788115272411019,0.9710804391544875,0.31546487678572877,0.27894294565112987,1.6173289693123365,1.3567694688730685,0.7436432511904858,1.4764015482891995,0.7883346851524297,0,0.870742220139589,1.4549604599753787,1.0100968145935467,0.23137821315975915,0.40564413367260604,0.7461414348591218,1.0386256726139917,0.20801459767650948,0.2890648263178879,0.2890648263178879,0.1965616322328226,0.1965616322328226,0.1965616322328226,0.6958884052225959,1.1805633442967505,0.6815640700172657,0,0.4006478782624707,1.0481171191902539,0.41215900443925235,0.21274605355336312,0.9150637375736335,0.6964603180480604,0.6964603180480604,0.9108962354565189,0.4338509016350961,0.9312894068118902,0.4130234494640639,0.5431351254826817,0.3562071871080222,1.7301093227979945,0.21274605355336312,0,0.5636795307011748,1.1144875573334505,0.387113044659596,0,1.1296858932210472,1.1296858932210472,0.6523556175653755,0.5199857445722766,0.5199857445722766,0.6610602538521161,0.6610602538521161,0.6685928860137976,1.039896307738069,0.9162025442241356,1.4850659880881718,0.4313029533571694,0.22106472945750374,0.22106472945750374,0.22106472945750374,0,0.22424382421757544,0.9614667332684216,0.7127537286619967,1.2759278466806325,0.5143518590177681,1.1141364891557586,0.38262676313414085,0.7890648263178879,1.5569880204737967,0.1949590218937863,0.6409864759305456,0.43067655807339306,1.2242438242175755,0,1.0962880143445928,0.7315450758995934,0,0.7320430116975697,0.9392903372003409,0.8154648767857288,1.6309297535714575,1.2080688566785462,0.5235934877693559,0.5213117092461632,0.9653382790366966,1.0314930594745402,0.21810429198553155,0.558056273690122,0.5289429456511299,0.4279398453925818,0.4108962354565188,0.18790182470910757,0.21274605355336312,0.18920035951687003,0.23137821315975915,0.23137821315975915,0.457916758553663,0.7372197932378892,0.2559580248098155,0.8299729413151111,0.5593029807452077,0.5896260308092391,0.5,0.4416881310169116,0.5018108798712511,0.5018108798712511,1.085890213546836,0,0.6863949047449067,0.23137821315975915,0.7347241253464538,0.7347241253464538,0.6110966314521171,0.64527201342591,0.64527201342591,0.1905514124267734,0.4464996287003259,0.6309297535714575,0.43067655807339306,0.38744022268743056,0,0.3952754901993707,0.3952754901993707,0.18665241123894338,0.18665241123894338,0.6291112499907333
diseases of the digestive system,1.600193291977714,1.527786446837693,0.8016480438788905,1.5374381516493414,1.5374381516493414,1.5374381516493414,0.27894294565112987,0.6390741322022935,0.1965616322328226,0.519259923876235,0.3010299956639812,1.4022958223643358,0.5826267631341409,0.5779838754515594,1.0168251101265515,0.4509170467036018,1.3939641899534978,0.23137821315975915,0.23137821315975915,0.23137821315975915,0.23137821315975915,0.23137821315975915,0.23137821315975915,0.64956727693754,0.64956727693754,0.7547800978936177,0.3758527707558134,1.7260547040888266,1.2914290371438737,1.3079574642660343,1.3079574642660343,1.3079574642660343,1.3818475946156388,1.3818475946156388,1.3818475946156388,1.3818475946156388,1.3818475946156388,1.3818475946156388,1.3818475946156388,1.9264582623322668,1.1558979380081629,1.0508843888359622,1.0503005919092614,1.6828294328235767,1.082399244581217,1.116693861672994,0.6747767929808863,1.235382283326282,0.8133176850416165,0.8068318149621826,0.8670546562619326,1.3361148703465588,0.19342640361727081,0.19342640361727081,1.901556902099919,1.495520225706364,1.495520225706364,0.21274605355336312,0.21274605355336312,1.857665604325026,1.675648196893849,0.466267942666968,0,0.31546487678572877,0.6734612431053302,1.507110716852956,0.453200947463967,0.3010299956639812,1.0803141819985438,1.9432600090266772,0.5460793868866964,1.6484591188793922,1.4131754631171853,0.6309297535714575,0.850577493426018,1.9798886699855938,1.4970472376366615,1.581646112226864,1.3328210795193647,1.6379051515185403,1.1951515383559892,2.362899989638452,1.093517626717029,0.8792934137829869,0.5282109303390918,0.5,0.38998803585009345,0.22106472945750374,0.9366092621247861,0.6519714710073838,1.7795938078715912,0,0.4006478782624707,0.6678967991581911,1.5671098819945908,1.618787966338494,0.8856848463734623,0.5133086505354634,0.6271319802568255,0,0.6145230559314946,1.2195200555835746,1.0776462457679132,0.31546487678572877,0.964815880444904,0.227670248696953,1.623185464547005,1.623185464547005,1.623185464547005,1.623185464547005,1.623185464547005,1.623185464547005,0.8763953892971837,1.1970997755406192,1.2010333664222914,1.2755527901056427,0.7422421700150299,0.7422421700150299,0.7422421700150299,0.7422421700150299,0.7422421700150299,0.23540891336663824,2.1550117027780584,0.4493844284270863,0.24465054211822604,1.5992955846977226,1.2887082749754197,0.4296180763303197,0.5712681500913009,0.41161614188427714,2.177194598843237,2.321906623262677,1.0868117566630968,0.18790182470910757,0.3943464595172796,0.9028359160321954,0.8674008795190139,1.1329391884478917,0.554398062790837,0.4171873656187964,0.8133176850416165,0.8133176850416165,0.49805844840383184,2.097765508967717,1.2400546368786713,2.116585210773875,2.116585210773875,2.116585210773875,2.116585210773875,2.116585210773875,2.7206991565734815,0.6618477162732854,1.2336280091241654,0.7398124665681315,0.5267597369506041,1.5526835312669445,0.38685280723454163,1.8975490212191901,0.9114020839302936,0.4710647294575038,1.3731080667977928,0.7744737396845262,2.832346880822846,0.661904421215151,0.7751176143699425,1.3302988077041054,1.3302988077041054,0.42460927288350825,0.8549203822909686,0.227670248696953,0.877237525634493,0.5016163675870788,0.5781144118229223,0.5781144118229223,0.5781144118229223,0.5781144118229223,0.5781144118229223,1.3197377582623049,1.3182706183596544,1.3182706183596544,1.3182706183596544,1.9574433889752993,0.6719817761611055,0.41306331387931783,0.23981246656813146,1.6121922565753821,0.3982117425662601,0.7512543790853268,2.3630396798009086,0,1.249778580082124,0.6072064173371718,1.1162894687981326,1.1162894687981326,1.1162894687981326,1.1162894687981326,1.1162894687981326,0.7575036384881232,0.42951933527905284,0.8175821648104009,0.8172207424949662,0.781060233675802,0.20801459767650948,1.7828676443446312,0.43067655807339306,0.9559904556393597,1.1078080023624879,1.1078080023624879,1.1078080023624879,1.1078080023624879
diseases of the genitourinary system,0.9526698488181177,1.5903316405000467,0.925648196893849,0.8403184376243338,0.227670248696953,0.8365718931081082,0.8030625693229562,1.2038836147746739,0.7016173238383814,0,2.0397737727370706,0.9554078234582047,1.2508815509795506,0.21810429198553155,0.8655242520883625,0.43637409880095407,0.9882012167037235,0.42480461677702996,0.8645025368727395,0.4883424464128513,0.4883424464128513,0.27023815442731974,0.43067655807339306,0.21533827903669653,0.8039311946116756,1.3246234834333372,0.27023815442731974,1.1437706944725432,0.5569880204737967,0.6270687134892595,1.2114692018483244,1.1524429426172629,1.1524429426172629,1.1524429426172629,0.9933621192747508,1.286846538685503,1.286846538685503,0.752466659460536,0.8478730856094691,0.7671842349684295,0,0.7040489374381866,1.3794258478838284,0.969741384391281,1.3681404774472383,0.43344257102222805,0.8165301828713778,0.8165301828713778,0.8165301828713778,1.7280201515074247,1.6911599793548149,0.49298871567054137,0.6131806830175127,0.6131806830175127,1.616750743025587,0.9728612752272978,0.9728612752272978,2.1309297535714578,0.6047724329229306,0.7127460535533632,0.23540891336663824,0.9115040560201602,1.4129315243050091,1.4129315243050091,1.0839286610942753,1.0973129573879206,0.38251013243333354,1.0417731895255102,1.2344816275468142,1.5779838754515594,0.9052895252902075,0.8803282827572124,1.5694083045229568,0.9954081314077776,0.9247523808041551,0.6986523642700038,0.6986523642700038,1.7734249242960252,0.49031978373414653,0.7159763882358261,0.9157957528856715,0.9627974482265004,0.8781612557333656,0.8658140298646532,0.5289429456511299,1.5838774358049752,0.8404981036945421,0.4199533785676314,1.3319626703661196,0.19342640361727081,0.19342640361727081,1.1263292854474205,1.1263292854474205,1.1263292854474205,0.22424382421757544,0.41602375135129005,0.978127040047531,0.45965273758421366,0.21533827903669653,1.1873229862811667,0.4509170467036018,0.7612394174682133,0.5308031558224253,0.7133546204814047,0.7133546204814047,1.0952405250229498,1.284560328061822,0.8886636871057927,1.2823269875222076,1.3477088711665843,0.7939655096633264,1.8607672147514032,2.327038857978221,1.119272199984309,0.681351410344387,0.681351410344387,2.5428996640259465,0.3919587200065602,0.7610800002700218,0.5467585995347956,2.0565779504653063,2.0565779504653063,2.0565779504653063,1.4145709439526652,0.6428108320443571,1.229449321697336,0.4233107380757458,0.709619503724523,1.6392894034826626,1.6392894034826626,1.4019419422166555,1.0067672015250557,1.0067672015250557,1.099182399992296,0.5137760492173443,0.6272038236657168,1.2344631222757763,1.422635454488377,0.8297432125233282,0.8297432125233282,0.8297432125233282,0.8171402049094518,1.8500254317022882,1.5308031558224253,0.6075475489567462,0.6075475489567462,0.6075475489567462,1.937534916846793,1.0253146661311614,0.6164948724497099,1.6853397445938378,1.3192045854214096,1.5829777066616761,1.4929887156705415,1.1899200032742399,0,1.3154648767857289,0.9689713635649804,1.2898182332663937,0.6309297535714575,0.518607559847009,0.809946855430624,1.0495032384565548,0.8139246441632438,1.3438215712411026,0.9598197341980577,0.9598197341980577,0.227670248696953,1.8068542810371906,1.2978413928160408,0.5163682747006777,1.6228291090930198,1.2013866749873099,0.7392230247968032,0.40625446084707,1.3691011591145406,1.144690170330727,1.1062712040458667,0.6421613817717275,0.8489179019298461,1.8424249742745489,1.1687081912364128,1.592094039899553,0.4032974659801365,0.8729468359676765,0.4093076857861857,0.3333333333333333,1.0193784518900346,1.0193784518900346,1.0193784518900346,0.49805844840383184,1.6837001712483437,0.5289429456511299,0.9983603230302912,1.6111822821063397,1.110878407100784,1.110878407100784,1.110878407100784,0.8357030312130485,0.8680160971259654,0.4493844284270863,1.3412380732613365,0.6653382790366966,0.7887595539353558,0.7887595539353558,0.7887595539353558,0.3562071871080222,0.6961482662948333,1.0807126567534646,0.6344716051638992
complications of pregnancy  childbirth  and the puerperium,0,0,0,0,0,0,0,0,0,0
diseases of the skin and subcutanous tissue,0,0.4608893982077541,0.6309297535714575,0.6357619917496926,0.2890648263178879,0.227670248696953,0.18665241123894338,0.6309297535714575,0.19823986317056053,0.38132822832637836,1.103112103693557,0.5,0.6530969933666432,0.1949590218937863,1.0135565167055984,0.27023815442731974,0.227670248696953,0.8425563964634376,0.7959416544423036,0.25,0.6198769175902631,1.3102665137994123,0.2559580248098155,0.5120265090185514,0.5225336928502033,0.18920035951687003,1.3372580256701083,1.6071180263330387,0.7142189457700213,1.6731296856697355,0.4416881310169116,0.4416881310169116,1.0616063116448506,0.8304025307808133,0.45,0,0.4753955885905567,0.19342640361727081,0.677670248696953,0.6049570992200732,1.1980907926468711,0,0.4032974659801365,0.4032974659801365,1.0809297535714575,0.8893869605577492,0.31546487678572877,0.733000541263442,0.7242438242175755,0.19195872000656014,0.6305122607578665,1.3562071871080221,1.0,0.5365296062432325,0,0.4827379927416361,0,0.40876468265396737,1.1593544707966756,1.1593544707966756,0.26264953503719357,1.7999161211138595,0.4975916278968038,0,0.227670248696953,0.6668447703602375,0.3562071871080222,0.3562071871080222,0.41803062439870253,1.5234794744622384,0.6583468067703461,0.9737807916627829,0.9737807916627829,0.1905514124267734,0.23137821315975915,0,1.5,0.7430599943425638,0.5,0.6284142098426841,0.41803062439870253,0.41803062439870253,0,1.0742480542052848,0,1.1905514124267733,0.7681070983775413,0.685922270073485,0,1.839938616470255,0.5,0.48137821315975915,0.9319597492354388,0,0.8359454978243319,1.4259101118675135,0.2890648263178879,0.5,0.23981246656813146,0.40617245717063394,0.21810429198553155,0.457916758553663
diseases of the musculoskeletal system and connective tissue,0.43036793526042455,0.43036793526042455,0.43036793526042455,1.740637984835735,0.4366092621247862,1.2159280819864025,1.2159280819864025,1.2159280819864025,0.24465054211822604,1.096268032608154,1.0,1.1512757543749934,1.3374440764561562,0,0.6999075349859317,1.2385670492278251,0.27023815442731974,0.9881777327074831,1.8387018938166415,2.7603280036517375,0.5647115464930925,0.9909139128999878,0.9909139128999878,0.5919885203401025,0.8530653905940884,0.6218256714892088,1.0627257854803676,1.0995988607879048,1.0,0.5,0.47571723755683126,1.1249577827612196,1.0497475595660828,1.8898877253434092,0,0.6020821080295757,0,0.6309297535714575,1.4526089074478263,1.4526089074478263,0,1.581894683287345,1.581894683287345,0.46449862161929345,1.1174567125609738,1.1174567125609738,0.6476548966094292,0.8404344251539112,2.671586524758,1.0177825608059992,1.022197212200002,1.022197212200002,0,0.4058896914634699,0.1949590218937863,0.5834144394673643,0.31546487678572877,1.8243561571887283,0,0,0.43067655807339306,0.27894294565112987,0.8814237504767278,0.19195872000656014,0.481023546324448,0.9176702278348463,1.094198594615864,1.2951381906035833,1.6212279705001664,1.3893292927858965,0.5202381544273198,1.4329398692298716,0.1965616322328226,0.9165762150390078,0.9165762150390078,1.1091825056752869,1.5568176927269528,0.7436474097954529,0.6052241108681601,1.0631268742354734,0.23137821315975915,0.9992698588345418,1.296800487041928,0.4073046515024016,0.9058019680109045,0.976061683226741,0.976061683226741,0.4467164921964557,1.0006085669280416,1.1446344935277468,0.9333839225857006,0.6178728379333899,0,0.6068589331633054,1.322579775701215,1.6360944594129914,0.8563073390178414,0,0.7174927147439896,0.9318050964426032,0.9318050964426032,0,0.3758527707558134,1.231378213159759,0.9654001396942797,0.23137821315975915,0.23137821315975915,0.5961955460993794,0.3915206541266089,0.9978106033541648,1.8089239975252454,0.7590445933404908,0.41214564892668304,1.134494442944432,0.5133086505354634,1.3733061922751246,0.6164948724497099,0.8751786343076188,0.4883424464128513,0.4883424464128513,0.4883424464128513,0.7986716123700298,0.854627682519359,0.854627682519359,1.5922642219121266,0.4182216611237264,1.4336487765371988,0.6302104087700214,0.6960771876412857,0.8057270117500632,0.8057270117500632,0.8057270117500632,1.2899591835961113,0.44515838432668553,0.5288772928860194,0.719741384391281,1.1871369406794796,0.5544470502785828,0.5544470502785828,0.9213891872855566,0.5827033201124907,0.7699425954581195,0.9642630869047908,1.07387544313774,1.219448773262798,0.21810429198553155,1.86192954815356,1.6223981596512211,0.3904474583294496,0.6401985831771206,0.6401985831771206,0.4242318809297756,1.530275418861298,1.1443506572747892,0,1.6306438682672488,1.6141870548471435,0,0.49298871567054137,0.978468907709202,1.0583948632807063,1.1419716427117481,1.0351824199154331,1.1520040283500346,0.6711871138827877,2.3514243502885512,0.1905514124267734,0.1905514124267734
congenital anomalies,1.0,2.044252471225175,0,0.6336206559328983,0.3786111312455035,0.21810429198553155,1.2601135191982114,0.5,0.3333333333333333,0.7307920322332297,0.7955302077672132,0.22106472945750374,0.907644812426887,0.23137821315975915,0,0.19823986317056053,0.23981246656813146,0.4014410012937803,1.203795047090506,0.5654648767857288,0.6785872954005548,0.8253222807328607,0.2890648263178879,0.5715454661447187,0.40564413367260604,0.4590484618567121,1.464093309543299,0.49023035518085123,1.4901574398296509,0,1.0,0.8935792886086511,0.784014203644664,0.20584683246043448,0.20584683246043448,0.20584683246043448,0.20584683246043448,0.20584683246043448,0.7226810970445826,0.6729146240115673,1.495882286520318,0,0,1.8101635453102873,0.45998882115492257,0.5496335907252929,0.6309297535714575,0.5288772928860194,0.6264453415353419,0.2037950470905062,0.20184908658209985,0,0.5680077719690177,0,0,0,0.465197176321106,1.4693828206091897,0.9199945798893454,0.9260329730283093,0.5857030312130485,0,1.1472980282721352,0.23137821315975915,0.38685280723454163,0,0.21274605355336312,0.727670248696953,0.7091589722737824,0.25,0.2890648263178879,0.1905514124267734,0.454197887980376,0.427670248696953,0.38850149782104326,0.23540891336663824,0.26264953503719357,0.22424382421757544,0.9957407735132487,0.9396216265753864,0.4681433051679999,1.0316865623572788,0,0.39504719197730453,0.5173139633678286,0.44930194627613695,0,0.8206645939234865,1.5654648767857289,1.4342994352532519,0.44577454068248457,0.4524429426172629,0.8755802956896835,0.3333333333333333,1.3604454159103534,0.5514376253188649,0.21533827903669653,0.19195872000656014,0.3562071871080222,0,1.648475705147351
certain conditions originating in the perinatal period,0,0.227670248696953,0.18790182470910757,0,0,0.21810429198553155,0,0.20584683246043448,0,0,0.5006085669280416
symptoms  signs  and ill-defined conditions,1.3599070009823941,2.402446410850245,2.295746745108516,1.6819705455994607,1.1141282289067653,0.25,1.0427393983384732,1.2595334957369229,1.2351029422830622,0.4024084646932571,0.3333333333333333,0.8804125338679187,0.2037950470905062,1.2293263069226728,1.7857001523219316,0.6589457926953342,1.8011794456129437,1.9061695645965109,0.47424382421757544,1.5221391423425095,1.8198769175902632,2.5312080460295063,2.495515283173522,1.1865411710514233,0.8774441473635145,0.5212351580424409,1.4647482667415057,0.5415924806883234,1.4316934842091311,0.2,1.8470528897630305,1.6141933720770623,0.9049192320328743,0.7107141322258215,0.7107141322258215,0.6487808500589246,0.7009147125007128,0.7403246533337388,1.5379188170316893,1.1297204338698086,1.8143471662444495,0.6962983115743924,1.577948048024708,2.0300406651613163,0.8353738093209779,0.8353738093209779,0.81181659084324,0.3333333333333333,0.7457704913779469,1.7505652793049786,1.1591928865633445,0.8572602044229721,1.5378373634324827,0.9346793417768864,1.313055372320784,1.2018906325485663,1.265928371414466,1.3575141872970742,2.035633657293466,0.7074961543760578,1.4342427672553484,1.388659689288812,0.9329639885170143,0.8041295546340305,0.7201861405678749,1.24983989991121,0.7286469295721599,0.23540891336663824,1.0454474336896349,1.452110279041014,0.713972622486325,0.7104765992818345,0.8333333333333333,2.0466202414257713,2.0466202414257713,1.3414610622782954,1.3115462346732465,1.3019485759776108,0.7530152955839083,1.6691568747693277,1.1370510411270993,0.6432781244292783,2.4844240682083676,1.1330256961440415,1.9113265469190677,0.9475556415913853,0.6692598150017344,0.5408424622321126,1.3265073850594982,0.463972622486325,1.4345007093493967,2.449891774783237,1.9584099832096573,1.4379801665541057,1.2700166329631262,1.4995838034798767,0.7737496355836495,0.9366524112389434,2.1882095845799774,1.0,0.20584683246043448,0.6145879905972994,1.0191848949076767,1.3881942931532327,0.4077050754471494,0.4077050754471494,0.6327936052452885,1.01777078816956,0.6266652738026731,0.6822404116312664,1.4559882034821823,1.4559882034821823,1.6714522651717876,0.4003566793233288,0.6965616322328226,1.5352220203490854,0.6996394128081321,1.387343346333993,1.3571059392254556,0.8555568855977203,0.27023815442731974,0.9679949020306917,0.9810923929983548,1.5721854993985303,0.9682173612827777,1.1233983998888486,1.0652381456407367,1.9428513840645845,0.9017789776881519,0.43067655807339306,0.6573965956715893,1.3601795092904079,0.5289429456511299,0.5,0.5390648263178879,2.987104084888671,1.0790038616568365,1.3499811507014572,1.4033764696255888,0.27894294565112987,1.4985961894157893,1.1205472387455018,0.8243504922760221,0.19823986317056053,0.8922394907632127,1.2210647294575037,1.003700009066974,1.4669019708563347,0.8272381903062157,1.4960842718180778,0.4153382790366965,1.6660005816823662,1.223754621981035,1.239068671539276,0.3010299956639812,1.149360301709445,1.3491842090894486,1.9020182213641488,1.24572732989551,0.4218993390760377,0.9138012965649656,0.9138012965649656,0.4913669381764537,0.84123967142861,0.8718887324244418,0.7257621777162117,0.8258887754652439,0.42333693316631926,0.905401305116738,0.8013439403093162,0.4284142098426841,1.2659847172995218,1.6472186202395724,0.4739019675449162,1.0571890201546812,0.877083162415393,0.877083162415393,0.877083162415393,1.10279243085092,0.928844658970631,1.8140175433594097,0.39504719197730453,1.3797627162277433,1.2600506209954512,0.882212488190794,1.2836365650750199,1.1938071867458986,1.5873851529599337,0.6416615531502313,1.5754862971011088,1.262715585185906,0.9812199919343588,2.4333932645724223,1.5316878246076757,0.9741434352915861,0.9523320255718736,0.7763418610669829,1.4306765580733931,0.46810429198553155,1.1080040927227452,0.6458693462345337,1.0909864759305457,0.6885848252020705,1.6728450904624725,0.6021910862712382,1.559801168760737,1.5648041483961999,1.4532009474639669,1.8549359028922179,1.8549359028922179,1.612142876080318,1.0638906015451592,1.3993339062243642,0.9777999269917886,2.2241079218648574,0.5802792108518124,0.6188567221452157,0.9717158662702673,0.8416444742730791,1.604316357184341,0.6594625457498189,1.3689496270063775,1.041260413938136,0.7735278350042454
injury and poisoning,0,0.6173289693123365,0.9421677800138524,0.6866524112389434,0.7140308868890116,0.453200947463967,0.6055854080565232,1.2616063116448506,0.1965616322328226,0.2,0.27023815442731974,0.6684498969935798,0.6567495758309663,0.24465054211822604,0,0.5642217847845317,1.2283648066129234,0.25,0,0.6095662272785469,0.6095662272785469,0,0.40617245717063394,0.27894294565112987,0.6226352780799532,0.22424382421757544,0.1949590218937863,0.5016163675870788,2.487516423512364,0.26264953503719357,0.5689532406613853,0.49577049137794693,0.18920035951687003,0.4504973745786605,0.736339541322719,0.8054331010185657,0.4740332015178259,0,0.5689532406613853,0.38614168787966807,0,0.8291666400023682,0.6807817676076247,0,0.4608771960256352,0.1949590218937863,0.643109932548268,0.27894294565112987,0.2890648263178879,0.4723693492684007,0,0,0.43637409880095407,1.8175293653079347,0.40625446084707,0.2037950470905062,0.505647067793958,0.2103099178571525,1.0346660750458807,0.4366524112389434,1.408655704412305,0.2037950470905062,0.7409139128999878,0.6309297535714575,0.2890648263178879,0.41602375135129005,0.7789512708080775,0,0.21274605355336312,0.3333333333333333,0.45496045997537854,1.518607559847009,0,0,0,0.5202381544273198,0.27023815442731974,1.597856063929175,0.18665241123894338,0,0.8897318894806228,0.18790182470910757,0.41557207340606056,2.4856642229127375,0.8935792886086511,0.4800594554848643
